Date,Edits
2025-01-01,113
2025-01-02,204
2025-01-03,638
2025-01-04,396
2025-01-05,263
2025-01-06,279
2025-01-07,454
2025-01-08,653
2025-01-09,1030
2025-01-10,369
2025-01-11,452
2025-01-12,1302
2025-01-13,358
2025-01-14,454
2025-01-15,296
2025-01-16,180
2025-01-17,122
2025-01-18,203
2025-01-19,156
2025-01-20,361
2025-01-21,404
2025-01-22,336
2025-01-23,178
2025-01-24,349
2025-01-25,598
2025-01-26,203
2025-01-27,267
2025-01-28,643
2025-01-29,241
2025-01-30,380
2025-01-31,151
2025-02-01,555
2025-02-02,123
2025-02-03,215
2025-02-04,180
2025-02-05,224
2025-02-06,410
2025-02-07,285
2025-02-08,253
2025-02-09,370
2025-02-10,159
2025-02-11,251
2025-02-12,410
2025-02-13,327
2025-02-14,284
2025-02-15,1067
2025-02-16,231
2025-02-17,70
2025-02-18,1979
2025-02-19,408
2025-02-20,659
2025-02-21,343
2025-02-22,202
2025-02-23,1088
2025-02-24,84
2025-02-25,186
2025-02-26,113
2025-02-27,113
2025-02-28,104
2025-03-01,269
2025-03-02,364
2025-03-03,398
2025-03-04,309
2025-03-05,380
2025-03-06,230
2025-03-07,314
2025-03-08,235
2025-03-09,122
2025-03-10,167
2025-03-11,205
2025-03-12,311
2025-03-13,250
2025-03-14,210
2025-03-15,177
2025-03-16,318
2025-03-17,273
2025-03-18,1127
2025-03-19,1086
2025-03-20,377
2025-03-21,457
2025-03-22,755
2025-03-23,189
2025-03-24,223
2025-03-25,510
2025-03-26,321
2025-03-27,155
2025-03-28,145
2025-03-29,153
2025-03-30,174
2025-03-31,175
2025-04-01,536
2025-04-02,851
2025-04-03,335
2025-04-04,214
2025-04-05,354
2025-04-06,164
2025-04-07,508
2025-04-08,309
2025-04-09,557
2025-04-10,232
2025-04-11,264
2025-04-12,356
2025-04-13,220
2025-04-14,381
2025-04-15,388
2025-04-16,466
2025-04-17,358
2025-04-18,288
2025-04-19,171
2025-04-20,248
2025-04-21,378
2025-04-22,509
2025-04-23,180
2025-04-24,312
2025-04-25,188
2025-04-26,172
2025-04-27,620
2025-04-28,984
2025-04-29,686
2025-04-30,390
2025-05-01,579
2025-05-02,400
2025-05-03,134
2025-05-04,442
2025-05-05,677
2025-05-06,347
2025-05-07,240
2025-05-08,275
2025-05-09,243
2025-05-10,349
2025-05-11,239
2025-05-12,212
2025-05-13,468
2025-05-14,394
2025-05-15,872
2025-05-16,420
2025-05-17,300
2025-05-18,247
2025-05-19,279
2025-05-20,272
2025-05-21,1817
2025-05-22,196
2025-05-23,117
2025-05-24,293
2025-05-25,296
2025-05-26,229
2025-05-27,201
2025-05-28,198
2025-05-29,1095
2025-05-30,330
2025-05-31,294
2025-06-01,399
2025-06-02,182
2025-06-03,487
2025-06-04,459
2025-06-05,298
2025-06-06,1002
2025-06-07,483
2025-06-08,407
2025-06-09,389
2025-06-10,482
2025-06-11,931
2025-06-12,909
2025-06-13,387
2025-06-14,699
2025-06-15,588
2025-06-16,707
2025-06-17,289
2025-06-18,191
2025-06-19,347
2025-06-20,613
2025-06-21,992
2025-06-22,330
2025-06-23,798
2025-06-24,1562
2025-06-25,1161
2025-06-26,675
2025-06-27,444
2025-06-28,312
2025-06-29,467
2025-06-30,574
2025-07-01,304
2025-07-02,252
2025-07-03,175
2025-07-04,96
2025-07-05,767
2025-07-06,557
2025-07-07,363
2025-07-08,379
2025-07-09,434
2025-07-10,186
2025-07-11,199
2025-07-12,391
2025-07-13,697
2025-07-14,386
2025-07-15,1318
2025-07-16,1723
2025-07-17,933
2025-07-18,507
2025-07-19,1487
2025-07-20,498
2025-07-21,685
2025-07-22,654
2025-07-23,405
2025-07-24,356
2025-07-25,52
2025-07-26,253
2025-07-27,148
2025-07-28,917
2025-07-29,1058
2025-07-30,694
2025-07-31,390
2025-08-01,225
2025-08-02,481
2025-08-03,308
2025-08-04,362
2025-08-05,380
2025-08-06,513
2025-08-07,527
2025-08-08,524
2025-08-09,113
2025-08-10,292
2025-08-11,298
2025-08-12,1470
2025-08-13,830
2025-08-14,490
2025-08-15,491
2025-08-16,199
2025-08-17,138
2025-08-18,435
2025-08-19,564
2025-08-20,255
2025-08-21,187
2025-08-22,199
2025-08-23,111
2025-08-24,117
2025-08-25,103
2025-08-26,165
2025-08-27,407
2025-08-28,212
2025-08-29,198
2025-08-30,103
2025-08-31,113
2025-09-01,244
2025-09-02,72
2025-09-03,135
2025-09-04,24
2025-09-05,100
2025-09-06,251
2025-09-07,185
2025-09-08,263
2025-09-09,505
2025-09-10,374
2025-09-11,255
2025-09-12,98
2025-09-13,118
2025-09-14,169
2025-09-15,176
2025-09-16,318
2025-09-17,45
2025-09-18,84
2025-09-19,83
2025-09-20,89
2025-09-21,115
2025-09-22,225
2025-09-23,459
2025-09-24,252
2025-09-25,402
2025-09-26,270
2025-09-27,88
2025-09-28,68
2025-09-29,89
2025-09-30,103
2025-10-01,135
2025-10-02,60
2025-10-03,175
2025-10-04,575
2025-10-05,265
2025-10-06,77
2025-10-07,262
2025-10-08,205
2025-10-09,134
2025-10-10,290
2025-10-11,127
2025-10-12,57
2025-10-13,344
2025-10-14,192
2025-10-15,79
2025-10-16,58
2025-10-17,123
2025-10-18,30
2025-10-19,110
2025-10-20,124
2025-10-21,297
2025-10-22,272
2025-10-23,125
2025-10-24,111
2025-10-25,60
2025-10-26,242
2025-10-27,359
2025-10-28,119
2025-10-29,54
2025-10-30,236
2025-10-31,222
2025-11-01,259
2025-11-02,212
2025-11-03,159
2025-11-04,554
2025-11-05,271
2025-11-06,111
2025-11-07,118
2025-11-08,134
2025-11-09,286
2025-11-10,515
2025-11-11,364
2025-11-12,275
2025-11-13,83
2025-11-14,129
2025-11-15,343
2025-11-16,491
2025-11-17,331
2025-11-18,450
2025-11-19,1014
2025-11-20,249
2025-11-21,279
2025-11-22,133
2025-11-23,286
2025-11-24,76
2025-11-25,291
2025-11-26,364
2025-11-27,278
2025-11-28,139
2025-11-29,295
2025-11-30,81
2025-12-01,201
2025-12-02,303
2025-12-03,293
2025-12-04,396
2025-12-05,166
2025-12-06,366
2025-12-07,321
2025-12-08,405
2025-12-09,72
2025-12-10,98
2025-12-11,115
2025-12-12,1439
2025-12-13,473
2025-12-14,332
2025-12-15,552
2025-12-16,114
2025-12-17,272
2025-12-18,432
2025-12-19,334
2025-12-20,178
2025-12-21,234
2025-12-22,448
2025-12-23,242
2025-12-24,273
2025-12-25,262
2025-12-26,153
2025-12-27,413
2025-12-28,317
2025-12-29,235
2025-12-30,116
2025-12-31,117
